GISJOIN,Avg_Life_Expect,se,Abridged_life_table_flag
G3600850024800,77.6,0.8688,3
G3600850024402,82.2,2.0334,3
G3600850024401,81.3,1.9882,3
G3600850022600,79.8,1.6586,3
G3600850019800,81,2.1366,3
G3600850020803,77.1,1.0817,3
G3600850029102,80.1,2.0345,3
G3600850022800,,,
G3600850020801,80.1,1.2507,3
G3600850020804,80.1,0.9576,3
G3600850017600,80.1,0.9894,3
G3600850017010,80.9,1.7237,3
G3600850017005,81.1,1.5081,3
G3600850017007,80,1.9192,3
G3600850017009,79.3,1.3936,3
G3600850032300,78.9,3.3524,2
G3600850029103,82.5,1.7176,3
G3600850015602,81.1,1.2826,3
G3600850017008,81.5,1.3986,3
G3600850027900,78.8,1.4327,3
G3600850027702,82.1,1.9119,3
G3600850015603,77.8,1.2007,3
G3600850015400,,,
G3600850031902,75.8,1.3153,3
G3600850017011,83.3,2.564,3
G3600850017012,83.3,2.0077,3
G3600850029104,80.1,1.258,3
G3600850015601,85.2,2.2583,3
G3600850014607,80.5,1.4726,3
G3600850027301,81,2.8544,3
G3600850013203,81.1,1.6975,3
G3600850014604,79.6,1.5269,3
G3600850027706,83.3,2.5674,3
G3600850014608,85.1,2.8509,3
G3600850014606,80.7,1.5745,3
G3600850014605,81.7,1.8134,3
G3600850027704,86.9,3.1648,3
G3600850027302,83.3,2.8165,3
G3600850031901,76.8,1.5945,2
G3600850018100,77.2,1.2294,3
G3600850012805,83.1,2.667,3
G3600850013800,84.8,2.0022,3
G3600850027705,81.6,1.4843,3
G3600850013204,81.2,1.7703,3
G3600850030301,84,2.9582,3
G3600850030302,79.5,1.62,3
G3600850023100,75.8,1.9563,3
G3600850025100,79.9,1.4801,3
G3600850023900,74,1.9967,3
G3600850018902,83.4,1.6791,3
G3600850012806,77.3,1.1588,3
G3600850018901,81.9,1.7021,3
G3600850013201,84.5,2.1416,3
G3600850020700,75,1.7774,3
G3600850017300,80.7,2.6629,3
G3600850012804,78.6,1.8428,3
G3600850012200,80.4,1.7005,3
G3600850013400,78.9,1.3192,3
G3600850019700,81.7,2.4901,3
G3600850014700,79.9,1.5362,3
G3600850017700,,,
G3600850016901,84.1,3.1386,3
G3600850024700,78.8,1.6736,3
G3600850021300,75.8,1.8933,1
G3600850015100,82.3,1.9555,3
G3600850018702,78.5,0.8706,3
G3600850009700,78.9,1.625,3
G3600850011202,80.8,2.2344,3
G3600850020100,77,1.2993,3
G3600850018701,79.9,2.296,3
G3600850011402,77.9,1.754,3
G3600850012100,81.6,1.4264,3
G3600850013302,76.6,2.7608,3
G3600850011201,81.8,2.3947,3
G3600850012500,77.4,2.3442,3
G3600850014100,79.7,1.8007,3
G3600850013301,73.6,3.6542,3
G3600850011401,75.6,1.8614,3
G3600850010500,80.1,1.8435,3
G3600850006700,79.5,2.1777,3
G3600850005900,80.7,2.1322,3
G3600850009602,80.1,2.0833,3
G3600850007000,80.2,1.244,3
G3600850004700,78.6,1.5267,3
G3600850003900,82.7,2.8191,3
G3600850009601,81.1,1.5235,3
G3600850005000,79.2,1.4121,3
G3600850001800,,,
G3600850008100,72.3,1.2487,3
G3600850007400,78.6,1.9938,3
G3600850006400,76,1.692,3
G3600850000600,80,1.9019,3
G3600850002002,83.2,2.1483,3
G3600850002100,74.7,2.8549,3
G3600850007500,71.5,1.147,3
G3600850003300,83.6,2.8948,3
G3600850000700,77.9,1.854,2
G3600850002700,61.9,1.5254,3
G3600850000300,75.9,2.7139,3
G3600850002001,79.7,2.4899,3
G3600850000800,82.1,2.4014,3
G3600850004000,76.8,1.5784,2
G3600850002900,74.7,1.7647,3
G3600850001700,,,
G3600850007700,,,
G3600850000900,,,
G3600850003600,80.3,2.088,3
G3600850001100,75.6,1.7557,3
G3600470016400,,,
G3600610000500,,,
G3600470005602,81.7,1.1785,2
G3600470016800,85,2.5032,3
G3600470033600,79.9,1.5728,3
G3600470005300,78.2,2.9631,3
G3600470016200,81,2.2715,3
G3600470003400,83.4,2.3358,3
G3600470005601,80.4,2.3416,3
G3600470001800,,,
G3600470005202,78.1,1.4037,3
G3600470015200,80.8,1.2608,3
G3600470003800,81.6,1.9662,3
G3600470034000,74.7,3.1109,3
G3600470005201,79.7,1.6859,3
G3600470033000,79.3,3.0595,3
G3600470005400,82.5,1.8241,3
G3600470008500,73.4,1.9667,3
G3600470031400,81.5,1.8316,3
G3600470034200,71.6,1.379,1
G3600470005000,80.9,1.3966,3
G3600470032800,75.6,1.5599,3
G3600470032600,77.3,2.2054,3
G3600470017400,80.3,1.1891,2
G3600810091601,78.7,1.2791,3
G3600470004400,82.6,1.9597,3
G3600470010100,82.9,3.9978,3
G3600470017000,83.2,1.6369,3
G3600470004600,82.6,1.3073,2
G3600470005900,73.4,3.7315,3
G3600470035200,,,
G3600470034800,,,
G3600470061600,80.1,1.9497,3
G3600470035000,82.7,2.1464,3
G3600470014800,80.9,1.6055,2
G3600470016600,81,1.4663,3
G3600470000200,76.3,2.3684,2
G3600470003000,78.8,1.6143,3
G3600810091602,,,
G3600610031900,,,
G3600470017600,82.8,2.5812,3
G3600470003600,79.9,1.4061,3
G3600470017200,82.4,1.4591,3
G3600470005800,78.7,2.1607,3
G3600470066600,,,
G3600470014500,81.7,2.004,2
G3600470008400,77.7,1.7418,2
G3600470030400,82.9,1.6232,3
G3600470015000,86.2,3.2815,3
G3600470070202,,,
G3600470016000,83.4,2.2891,3
G3600470014000,79.6,2.2553,3
G3600470005100,82.6,2.3593,2
G3600470062800,78.8,1.6544,3
G3600470029400,77.2,2.0379,3
G3600470017500,,,
G3600470030800,75.2,1.5288,3
G3600470030600,80.4,2.0357,3
G3600470062200,78.1,1.7724,3
G3600470062000,84.7,2.0731,3
G3600610000900,,,
G3600470006000,81.3,2.5394,3
G3600470028000,81.7,2.2736,3
G3600470006500,82.1,2.1768,3
G3600470002200,80.3,1.3719,3
G3600470011700,81.2,1.7295,2
G3600470014700,82.6,1.7405,2
G3600470017100,84.5,2.4295,3
G3600810091800,,,
G3600470150200,80.3,2.1332,3
G3600470020400,83.1,1.9102,3
G3600470014200,81.3,2.5894,3
G3600470020200,82.4,2.2672,3
G3600470004700,,,
G3600470014300,81.7,2.1487,2
G3600470006300,83,2.9615,3
G3600470070201,85.3,1.9162,3
G3600470028200,83,2.3364,3
G3600470006200,80.5,2.1262,3
G3600470070600,82.7,1.7474,3
G3600470038200,81.4,2.7323,1
G3600470066200,82.9,2.1005,3
G3600470007700,81.8,1.484,2
G3600470020600,83,1.6239,3
G3600470029200,80.8,2.0067,3
G3600470066000,82,2.144,3
G3600470020000,78.7,1.1551,2
G3600470063200,,,
G3600470016900,80.3,1.3468,3
G3600470018000,82.1,1.9146,3
G3600610031704,,,
G3600470018400,81.5,1.4407,3
G3600470065800,85.6,2.8836,3
G3600470013800,83.6,2.4938,3
G3600470006800,81.6,1.6225,3
G3600470012100,81.3,2.7679,3
G3600470028600,78.4,1.7302,3
G3600470006400,80.5,1.5908,3
G3600470035400,81.8,0.9773,3
G3600470002000,80.1,3.4641,3
G3600470006600,82.6,2.8089,3
G3600470059800,79.7,1.6291,3
G3600470019800,81.7,1.1864,2
G3600470020800,85.7,2.9745,3
G3600470013600,79.8,1.8625,3
G3600470013200,80.8,2.1791,3
G3600470007000,84.5,3.1536,3
G3600470035602,80.5,1.2781,3
G3600470067000,80.4,2.025,3
G3600470038600,81.5,2.1874,3
G3600470050202,81.3,2.6114,3
G3600810092200,85.6,1.9359,3
G3600470062600,77.8,1.5839,3
G3600470030200,84.6,2.0751,3
G3600470063600,82.6,1.2739,2
G3600470011900,82.6,2.4636,2
G3600470061200,81.1,1.4368,2
G3600470014100,79.9,2.1745,3
G3600470036001,82.3,1.3388,3
G3600470018600,82.3,1.6855,3
G3600470013400,80.3,1.322,3
G3600470008200,83.3,2.9772,3
G3600470068600,80.9,1.9931,3
G3600470070000,80.8,2.4829,3
G3600470037402,84.2,2.4686,3
G3600470000301,89.1,3.6336,3
G3600470061002,81.4,2.0288,3
G3600470002100,81.6,3.6401,2
G3600470039800,86.9,3.2091,3
G3600470019600,78.8,1.3969,3
G3600470065400,80.9,1.307,2
G3600470021000,89.5,3.1697,3
G3600470017800,79.2,1.6282,3
G3600470000100,82.3,1.6793,3
G3600470040200,86,2.8342,3
G3600470056800,82.5,2.1901,3
G3600470063800,82.7,2.0555,3
G3600470065600,79.5,1.3651,3
G3600470006700,85.2,2.9013,3
G3600470014900,82.6,1.8876,2
G3600470038800,84.7,2.5793,3
G3600470004900,78.4,1.7698,3
G3600810021900,,,
G3600470002300,74.8,2.1171,3
G3600470056300,83.9,3.2967,3
G3600470057000,80.8,1.0592,3
G3600470007200,81.1,2.6527,3
G3600610000700,,,
G3600470013000,79.8,1.3538,3
G3600470008800,79.1,1.918,2
G3600470065200,83.3,3.3829,3
G3600470068800,80.3,2.85,3
G3600470064000,85.6,2.5359,3
G3600470007500,82.6,1.6492,3
G3600470040000,81.4,1.6913,3
G3600470035601,,,
G3600470013900,78.8,1.4588,3
G3600470068200,83.5,2.7989,3
G3600470044900,78.2,2.2934,3
G3600470012801,79.7,1.5109,3
G3600470036002,77.9,1.3561,3
G3600470018800,81.6,2,3
G3600470056500,83,3.8034,3
G3600810092800,,,
G3600470016700,84.1,2.0991,3
G3600470045000,,,
G3600470021100,79.2,2.0162,2
G3600470055700,81,2.4589,3
G3600470046800,79.6,2.8151,3
G3600470069602,87.2,3.8036,3
G3600470030000,84.1,2.0541,3
G3600470039600,79.8,1.5206,3
G3600470019000,83.8,2.5642,3
G3600470046400,82.8,3.152,3
G3600470057200,76.8,1.2265,2
G3600470054300,,,
G3600470000700,85.9,3.413,3
G3600470060000,84.4,1.8915,3
G3600470037401,81.6,1.3096,3
G3600470000501,84.2,2.13,3
G3600470002901,74.4,2.6731,3
G3600470056600,81.1,1.4446,3
G3600470018200,77.2,1.6831,2
G3600470059600,78.5,1.8896,3
G3600470064600,83.5,3.9362,3
G3600470055500,,,
G3600470046202,81.2,1.1616,2
G3600470044800,82,1.9368,3
G3600470059300,79.7,2.5595,3
G3600470064400,82.8,3.0834,3
G3600470019400,82.2,1.6387,3
G3600610001300,,,
G3600470102800,81.2,3.1936,3
G3600470012600,78.9,1.3754,3
G3600470036200,77,1.7385,3
G3600470060800,77.6,1.0556,3
G3600470069000,78.6,2.0864,2
G3600470061004,81.8,1.2428,3
G3600470050000,81.7,1.6318,3
G3600470067200,78.5,3.4682,3
G3600470058900,82.5,3.2162,3
G3600470056400,79.3,1.3892,3
G3600470041000,80.4,1.7164,3
G3600470021200,88.1,3.5735,3
G3600470007100,77.4,1.7061,3
G3600470064800,78.6,1.6274,2
G3600470039000,82.6,1.5934,3
G3600470107000,,,
G3600470056100,78.3,1.8921,3
G3600470013700,81.6,1.2558,2
G3600470018501,72.8,1.3252,3
G3600470006900,82.7,2.5765,3
G3600470024600,81.8,2.1077,3
G3600810093401,83.7,2.1537,3
G3600470000502,80.2,1.3811,3
G3600470039400,79.8,2.0609,3
G3600470004500,83.2,3.2707,3
G3600470024400,81.7,1.7481,3
G3600470040800,81.5,1.5193,3
G3600470041401,84.1,3.5707,3
G3600470009000,80.8,2.7203,3
G3600470057500,77.6,2.3712,3
G3600470040600,,,
G3600470039200,80.5,1.7458,3
G3600470015100,82.9,2.5604,3
G3600470029600,82.1,1.8386,3
G3600470069200,79.8,1.7928,2
G3600470027800,80,1.9953,3
G3600470068000,78.9,2.0435,3
G3600470001300,82.8,2.1551,3
G3600470049800,86.3,2.3941,3
G3600470045200,84.3,1.7475,3
G3600470103400,72,1.3045,3
G3600470067400,79.8,1.418,2
G3600470024800,82.4,2.1331,3
G3600470025000,78.7,1.4643,2
G3600810093402,84.4,3.0242,3
G3600470012700,74.8,1.7695,3
G3600470026200,82.6,2.103,3
G3600810053500,77.7,2.7296,2
G3600470025200,83.1,1.9802,3
G3600470065000,,,
G3600470004100,77.8,1.4762,3
G3600470041402,80.3,1.918,3
G3600470057900,,,
G3600470008000,77.7,1.8307,3
G3600470001500,81.5,3.4262,3
G3600470012000,76,2.3444,2
G3600470074600,86.7,3.9948,3
G3600470044600,80.9,1.0756,2
G3600470093200,78.4,3.2577,2
G3600470072400,79.3,1.6132,2
G3600470067800,82.1,2.3643,3
G3600470013500,80.8,2.622,3
G3600470057400,82.2,1.6831,3
G3600470025400,88.5,3.2604,3
G3600470084000,78.7,2.4374,3
G3600470007400,82.9,3.4813,3
G3600470027600,81.2,1.8839,3
G3600470029800,82.6,3.2114,3
G3600470041200,80.8,1.7462,3
G3600470044400,82.1,1.6783,3
G3600810020500,79.3,3.8868,3
G3600470084600,78.1,1.1499,2
G3600470003900,81.2,2.0526,2
G3600470018700,82.2,2.5489,2
G3600470064200,87,2.7806,3
G3600470015300,82.2,1.5433,3
G3600470094401,78.1,1.5166,2
G3600470069601,84.6,2.9444,3
G3600470003100,81.1,1.5928,3
G3600470047000,88.2,2.6814,3
G3600470072200,86.6,3.3942,3
G3600470004300,77.8,2.3491,3
G3600470037000,80.9,1.2476,3
G3600470067600,78.6,1.3892,2
G3600470017700,,,
G3600470026400,83.9,2.4139,3
G3600470036400,85.6,2.8611,3
G3600470072800,78.6,1.0009,2
G3600470059402,81.5,0.7952,2
G3600470028400,82,1.6936,3
G3600610031703,85.8,1.4771,3
G3600470026000,83,2.1233,3
G3600470016500,81.6,1.4169,2
G3600470041600,86.9,3.4406,3
G3600470029000,83.1,1.4297,3
G3600810107201,75.8,1.4817,3
G3600470072000,78.1,1.3562,2
G3600810093800,72.1,1.2367,3
G3600470061003,80.6,1.8436,2
G3600470040400,82.3,3.0262,3
G3600470012200,82.8,2.666,3
G3600470028800,81.5,2.4742,3
G3600470058400,80.2,1.7205,3
G3600470058200,77.9,1.864,3
G3600470003700,,,
G3600470073800,79.6,1.873,3
G3600470024200,91.9,3.5398,3
G3600470094402,,,
G3600470046201,87.1,2.5629,3
G3600470045800,85.6,2.9407,3
G3600470073000,83.9,2.873,3
G3600470013300,81.9,1.7994,3
G3600470058800,82.9,1.7855,3
G3600470059000,80.3,1.5765,3
G3600470059401,79.8,1.2618,3
G3600470015500,85.7,3.8842,3
G3600470074400,82.7,2.1981,3
G3600470047200,84.2,2.1334,3
G3600810053100,81.4,2.427,3
G3600470060600,82,1.8955,3
G3600470059100,78.8,1.5453,3
G3600470059200,78.9,0.7804,2
G3600470075600,81.4,1.7819,3
G3600610001502,81.8,3.2296,2
G3600470043600,84.9,2.2445,3
G3600470007800,81.5,3.4593,3
G3600470000900,86.6,3.7705,3
G3600470045400,80.1,2.1131,3
G3600470056200,81.1,2.4091,2
G3600470057300,80.3,3.1361,3
G3600470042200,81,1.4662,3
G3600470051700,82.6,2.8828,2
G3600470013100,82.2,2.1362,2
G3600470073600,77.7,1.9577,1
G3600470083800,79.3,1.5263,2
G3600470044000,82.7,1.6504,3
G3600470012901,81.7,2.212,2
G3600470042400,83.9,2.8563,3
G3600470019200,78.3,1.1847,2
G3600470102600,79.1,2.2034,3
G3600470053400,78,1.1647,3
G3600470041800,80.6,1.6237,3
G3600470056900,82.6,1.7709,2
G3600470074800,82.2,3.0271,3
G3600470048100,82.1,2.8932,3
G3600470007600,78.8,1.5535,2
G3600470025600,85.6,2.9822,3
G3600470099800,83.1,2.9539,3
G3600470058600,87.9,3.6231,3
G3600470094600,77.1,1.4218,2
G3600470003300,81.2,2.4044,2
G3600470036600,78,1.3022,3
G3600470073200,78.6,1.1832,2
G3600470055300,79.1,2.1223,3
G3600470011000,80.3,2.5764,3
G3600810019900,,,
G3600470042600,86.5,2.8937,3
G3600470095000,78.1,1.3263,2
G3600810000100,81.6,2.4926,2
G3600470083600,78.1,1.2319,2
G3600470075400,79.6,2.2379,3
G3600470043400,81.3,1.8402,3
G3600470001100,,,
G3600470054800,88.6,3.5871,3
G3600470057600,86.7,2.8075,3
G3600470050400,81.6,1.7798,2
G3600470057100,77.7,1.7176,3
G3600470084800,78.1,1.277,2
G3600470072600,79.8,2.4358,2
G3600470096200,77.3,3.5291,3
G3600470055600,81.3,1.54,3
G3600470003500,81.2,2.4894,2
G3600470027400,85,2.505,3
G3600810107202,,,
G3600470097000,,,
G3600470015700,85.3,3.8424,3
G3600470045600,84.4,2.4383,3
G3600470058000,81.7,1.6727,3
G3600470075800,81.5,1.1188,2
G3600470043800,80.1,1.0863,3
G3600470076000,79.1,1.482,3
G3600470021400,84,3.9725,3
G3600470096000,,,
G3600810094201,77.7,2.884,3
G3600470055100,81.7,3.3815,2
G3600470019100,78.3,3.8929,3
G3600470018300,78.2,2.9005,3
G3600470073400,79.8,1.4888,2
G3600470042800,85.2,2.196,3
G3600470054700,77,3.2832,2
G3600810000700,87,3.4397,3
G3600470047400,81.2,1.5614,3
G3600470095400,78.1,1.5596,2
G3600470100400,81.5,2.4352,3
G3600470085000,80.7,2.8306,3
G3600470043200,88,2.3927,3
G3600470076800,82.7,1.6886,3
G3600470011800,79.6,2.4772,3
G3600470057800,85.4,3.2843,3
G3600470076200,84.8,2.0163,3
G3600470047700,82,3.0356,3
G3600470056000,79.9,1.2601,3
G3600470027000,85.9,2.4824,3
G3600470025800,84.3,2.6493,3
G3600470074000,77.8,1.294,2
G3600470012902,78.5,2.2013,3
G3600470053800,84,1.7643,3
G3600470055800,81,1.8167,3
G3600470027200,79,1.4379,3
G3600470024000,80.5,1.6301,3
G3600470097400,73,1.7762,3
G3600470053200,80.7,1.1143,2
G3600470026600,84.3,2.7438,3
G3600470044200,84.8,1.8713,3
G3600470105801,,,
G3600470095800,77.1,1.2589,2
G3600470074200,85.2,3.4048,3
G3600470049600,80.8,1.5866,3
G3600470054500,79,1.7049,3
G3600470019500,81.2,1.6749,2
G3600470042000,82.7,2.4788,3
G3600810052500,74.5,1.5724,3
G3600470054600,81.2,1.5149,3
G3600470102400,77.8,1.6708,2
G3600810089200,83.6,1.8563,3
G3600470075200,86.2,3.2625,3
G3600470102000,80.4,2.3621,3
G3600470054900,,,
G3600470026800,78.7,1.25,2
G3600470055000,80.7,1.6555,3
G3600470015900,82.7,2.1686,3
G3600470075000,82.3,1.7997,3
G3600470043000,80.6,2.1203,3
G3600470109800,77.8,2.4129,2
G3600470018100,81.5,3.2952,3
G3600470053000,80.8,2.2932,3
G3600810056100,,,
G3600470096800,77.8,1.451,2
G3600470055400,82.2,1.55,3
G3600470049900,77.4,2.3639,3
G3600470114201,77.4,2.0704,3
G3600470096400,79.8,2.3681,3
G3600470055200,81.5,1.4402,3
G3600470105804,76.3,1.3607,3
G3600470100600,81.4,3.7836,3
G3600470054200,84.3,1.907,3
G3600470054400,86.6,2.304,3
G3600470083400,79.3,1.3773,2
G3600470098200,72,1.6484,3
G3600470017900,79.8,1.703,3
G3600470019300,80.2,1.7036,3
G3600470099600,78.1,1.3942,2
G3600470086000,,,
G3600470095600,84.9,3.8136,3
G3600470107800,77.1,1.9443,3
G3600470102200,,,
G3600470101800,,,
G3600470016100,83.3,2.7491,3
G3600470048000,82.1,2.4247,3
G3600470019700,82.7,3.0738,3
G3600470023800,87,2.3559,3
G3600810094203,75.7,3.5876,3
G3600470020700,79,1.8002,3
G3600470048500,75.2,3.1714,3
G3600470077600,82.3,2.2789,3
G3600470045300,,,
G3600470078000,81.5,2.6323,3
G3600470022600,82.1,3.2988,3
G3600470051500,77.2,3.0431,3
G3600470114202,77.1,1.7436,2
G3600470009200,80.4,2.0039,3
G3600470019900,79.9,1.8435,3
G3600810052100,79.3,1.7544,3
G3600470047600,81.8,1.4257,3
G3600470086200,80.4,3.638,3
G3600470122000,75.5,1.8763,2
G3600470098600,84.4,3.2265,3
G3600470093600,79.3,1.278,2
G3600470036700,,,
G3600470016300,72.7,1.8444,3
G3600610024000,,,
G3600810094202,,,
G3600470049700,80.2,2.5237,3
G3600470093000,83.5,3.4974,3
G3600470085800,84,3.2631,3
G3600470093400,83.8,3.8157,3
G3600470098800,75.4,1.5926,3
G3600470023500,79.8,2.6587,2
G3600810051700,80.1,1.6441,3
G3600470100800,78.2,2.2162,3
G3600810088400,,,
G3600470098400,79.3,1.6638,2
G3600470010200,85.1,3.2224,1
G3600810062900,79.7,1.3406,2
G3600470020500,81.2,1.7033,2
G3600470021600,84.1,1.9968,3
G3600470040500,76.5,2.2595,3
G3600810063301,83.9,2.7762,3
G3600810051100,85.5,3.5148,3
G3600470021500,82.3,3.6053,3
G3600470087200,83,3.5862,3
G3600470023600,81.7,1.4663,3
G3600470101600,88.3,3.9807,3
G3600470096600,77.6,1.1683,2
G3600810062300,82.8,2.0355,3
G3600470053900,74.5,1.1033,2
G3600470020100,81.2,1.8101,2
G3600470101400,81.1,2.1526,3
G3600810059900,83.6,2.8791,3
G3600470099400,78.1,2.048,2
G3600470114600,81.8,3.1433,3
G3600810063302,80.7,1.9684,3
G3600810065702,82.5,1.7741,3
G3600470023100,80.1,2.6684,3
G3600470021300,77.3,1.5553,3
G3600470101000,77.7,3.9342,3
G3600470092800,78.9,2.5708,3
G3600470092200,79.8,2.2483,3
G3600470123700,73.7,3.3804,3
G3600810063500,82.1,1.9465,3
G3600810051500,80.2,1.5775,3
G3600810060701,,,
G3600470020300,,,
G3600470093800,74.5,1.0431,2
G3600810065900,81.2,2.0695,3
G3600470101200,79.2,2.0095,3
G3600810062500,76.3,1.408,3
G3600470051900,81.8,1.9507,2
G3600470081400,77.1,1.2779,2
G3600470078200,76.1,1.2243,2
G3600470053700,73.9,2.1992,3
G3600470023300,72.7,1.3182,3
G3600470087000,74.5,1.1189,2
G3600470077400,78.7,2.535,3
G3600470009600,82.7,2.181,3
G3600810066501,81.4,1.7572,3
G3600470010400,76.6,1.0798,2
G3600810095400,72.4,1.1138,1
G3600810006202,82.7,2.2976,3
G3600470052800,81.6,1.129,2
G3600470036502,77.1,2.5543,2
G3600470078400,79.8,1.2784,2
G3600810001900,82.4,2.69,2
G3600470011200,84,1.7994,1
G3600470099000,79.8,2.695,3
G3600810066701,78.4,1.4053,3
G3600810002500,75.3,2.0309,3
G3600470099200,78.6,1.2453,2
G3600470119800,71.4,1.6631,1
G3600470083200,84.8,3.5802,3
G3600810056700,81.9,2.1029,3
G3600810061900,75.9,1.7298,3
G3600810061302,,,
G3600470050100,83,2.525,3
G3600470023400,85,1.9831,3
G3600810066100,82.9,2.5039,3
G3600470110600,71.7,1.2193,3
G3600470049500,78.1,2.6898,3
G3600810062100,80.8,2.1527,3
G3600470022900,79.2,3.0022,3
G3600470022400,80.4,2.3988,3
G3600470046000,82,1.3089,3
G3600810056500,78,2.0016,2
G3600810053900,84.8,2.7319,3
G3600470036900,72.7,1.607,3
G3600810060100,80.1,2.9786,3
G3600470024100,77.4,2.3954,3
G3600470110400,75.5,1.19,2
G3600810065703,80.5,2.0101,3
G3600470047800,83.6,3.0361,3
G3600470049400,79,1.042,3
G3600810062700,79.1,1.9894,3
G3600470049300,77.6,1.9033,3
G3600470077200,80.3,1.2912,2
G3600470022800,76.2,1.5095,2
G3600810063700,80.6,1.3113,3
G3600470114400,74,2.0842,3
G3600470111000,74.3,2.6857,1
G3600470022700,79.6,1.4712,2
G3600470048800,82.5,1.8299,3
G3600810059500,80.6,1.2035,2
G3600470111600,74.5,1.9198,1
G3600470021800,83.8,2.2143,3
G3600470048400,80.4,1.6005,3
G3600810033100,,,
G3600470092000,75.2,1.319,2
G3600810096400,76.7,1.0744,2
G3600470076400,89.2,3.903,3
G3600470023000,79.3,2.1123,3
G3600470036501,71.4,1.8248,3
G3600470048600,79.4,1.7723,3
G3600470011600,81.6,1.9037,1
G3600470030500,79.6,1.3181,2
G3600810006201,82.5,1.6232,3
G3600470085400,78.6,2.9409,3
G3600470117201,83.4,3.9114,3
G3600470048200,80.5,1.566,3
G3600810063900,80.8,1.9599,3
G3600810071600,,,
G3600470090800,75.6,1.7542,2
G3600470023200,85.6,2.5555,3
G3600610001501,84,1.5938,3
G3600470042700,77.4,3.0337,2
G3600810066900,82.6,1.0363,2
G3600810060300,81.1,1.8936,3
G3600470121400,72.6,2.1295,1
G3600470021700,86.2,3.4818,3
G3600470044700,81.2,2.9233,2
G3600050000100,,,
G3600810051300,79.8,1.3587,3
G3600810049500,76.3,2.1182,3
G3600470024300,82.1,3.4441,3
G3600470086800,80.8,2.5929,3
G3600810097203,74.3,2.3784,1
G3600470048900,77.2,3.0893,3
G3600470040300,76.8,1.6862,2
G3600470010000,83.4,3.0651,1
G3600470085600,82.3,2.6299,3
G3600810049302,77.9,1.8096,3
G3600810097202,75.2,2.401,2
G3600470032500,76.7,1.2792,2
G3600470081600,79.4,1.6938,3
G3600470025500,73.9,1.3568,3
G3600470024500,79.7,3.0513,3
G3600810008800,80.3,2.8459,3
G3600470025300,78.6,3.6569,3
G3600470117202,76.5,2.5799,3
G3600470053500,80.7,2.0617,3
G3600610001001,81.8,0.9759,2
G3600810084602,77.7,2.0819,2
G3600810057700,80.6,1.4414,2
G3600810010701,,,
G3600610002100,,,
G3600470078600,80.1,1.8521,3
G3600470032700,77.8,1.4274,2
G3600470041100,80.3,2.7786,3
G3600810097204,75.6,0.8949,2
G3600470113200,76.9,3.231,3
G3600470076600,77.8,1.48,2
G3600470009400,83.3,2.6417,3
G3600470030100,75.5,1.7702,2
G3600470022200,82.5,1.925,3
G3600810065501,,,
G3600470042500,,,
G3600470040900,76.5,2.8928,3
G3600470090600,70.5,1.4175,1
G3600810084601,86,3.5142,3
G3600810061301,83.2,2.3807,3
G3600470113000,75.6,1.874,2
G3600470112800,76.8,1.3148,2
G3600470037100,74.6,1.7738,3
G3600610000202,79.5,1.2631,3
G3600810022900,,,
G3600470022000,81.8,1.4932,3
G3600470029900,75.2,2.3986,3
G3600470029700,80,2.3313,3
G3600810064500,83.7,2.0856,3
G3600470038100,77.3,2.093,1
G3600810031700,85.2,2.6066,3
G3600470049000,78.8,1.6654,3
G3600470025100,78.1,2.1775,3
G3600810057900,77.2,2.4771,3
G3600470088800,82.7,2.8749,3
G3600470030300,79.1,3.268,1
G3600470115200,75.7,1.9145,3
G3600470025902,75.6,2.1961,2
G3600470053100,83,3.7468,3
G3600470030700,73.7,2.2717,3
G3600470024900,79.6,1.5269,2
G3600470025901,,,
G3600470009800,83,2.8465,3
G3600470079802,82.7,3.7603,3
G3600810066300,82.7,1.595,3
G3600470025700,79.2,2.514,2
G3600470050300,80.9,2.6735,3
G3600470083000,76.4,1.2697,3
G3600470113400,75.6,2.149,2
G3600470036300,77,1.6411,3
G3600470022100,78.6,1.4524,2
G3600810067700,82.6,1.3563,2
G3600470038900,79.8,2.8006,2
G3600470039100,80.5,2.5871,3
G3600810049301,81.5,1.2709,2
G3600470050500,77.9,1.3457,2
G3600470052300,82.2,3.1958,3
G3600470027300,77.7,2.2631,3
G3600470086400,78.1,1.2263,2
G3600470028502,75.6,1.3939,2
G3600470024700,74.1,2.3091,3
G3600470029500,81.3,3.0224,3
G3600470028501,,,
G3600470027100,71.6,1.8513,3
G3600470091000,70.6,1.552,3
G3600470010600,82.1,1.825,3
G3600470115600,70.6,1.9993,1
G3600470037900,74.2,3.1101,1
G3600470091600,73.8,1.1966,2
G3600470021900,79.7,1.9257,3
G3600810005800,82.8,2.1233,3
G3600810008500,78.3,3.6937,3
G3600610003900,83.4,2.9518,3
G3600470087401,76.6,1.5513,3
G3600470011400,81.2,2.0925,3
G3600470049200,79.8,1.5851,2
G3600470027500,82.1,2.8475,3
G3600470112600,,,
G3600470115800,81.1,3.7411,3
G3600470091800,77.9,2.2459,3
G3600470028300,75.6,1.8364,2
G3600470038300,79.9,1.83,3
G3600470117000,,,
G3600470026700,75.4,1.6211,3
G3600470049100,81.9,1.6826,3
G3600470080600,82.8,3.8898,3
G3600470052500,82.1,2.4951,3
G3600470052600,78.5,1.2347,3
G3600470026900,80.7,3.6799,3
G3600470112000,81,3.8915,3
G3600470112200,75.6,1.9327,2
G3600470026100,75.4,1.6459,3
G3600470081000,81.8,2.39,3
G3600470032300,79.2,2.4751,3
G3600470030900,73.8,3.2326,2
G3600470091200,71,1.2882,3
G3600470089600,77.8,3.0147,3
G3600470031500,78.1,2.1475,1
G3600470053300,83.2,2.1697,3
G3600810055900,,,
G3600470026500,76.4,2.309,2
G3600810003900,78.5,2.1049,2
G3600470079801,81.2,3.6479,3
G3600470111800,75.6,2.4731,2
G3600470031100,77.8,1.8551,2
G3600810064102,,,
G3600470028700,79.3,3.149,3
G3600810086400,77.7,1.3425,3
G3600470029300,76.8,2.2765,3
G3600470086600,76.1,1.2116,2
G3600810067100,84.5,2.2134,3
G3600470089000,78.2,1.9276,1
G3600470031300,80.2,2.9138,3
G3600470116000,74.8,2.5703,3
G3600470112400,75.7,3.112,1
G3600470027700,75,2.0467,3
G3600470117400,77.1,1.7386,2
G3600470026300,77.8,1.6457,2
G3600470078800,80.2,3.2293,3
G3600470087600,80.8,3.8657,3
G3600470050600,80.8,2.4011,3
G3600470050700,,,
G3600810049700,83,2.7171,3
G3600810050700,85.1,2.7993,3
G3600470092400,73,2.5518,3
G3600810100801,81.2,1.5432,2
G3600810003700,,,
G3600810024300,85.8,2.0064,3
G3600470010800,78.5,1.5792,3
G3600470115000,77.1,2.0722,2
G3600470028100,74.7,2.9535,3
G3600470031701,75.2,2.539,3
G3600470116200,76.2,2.1219,3
G3600810072900,81.7,2.9185,3
G3600470028900,72.4,1.8155,3
G3600470087800,75.5,2.419,1
G3600470038500,76,1.3889,3
G3600470029100,76.7,1.6915,2
G3600470120800,79.9,2.2778,3
G3600470121000,75.6,1.2835,2
G3600810064101,82,1.2845,3
G3600470116800,74.4,2.9821,3
G3600470034700,75.3,2.7462,3
G3600810058100,77.7,1.6893,3
G3600810009100,81.4,1.4446,2
G3600810000200,83.5,2.1787,3
G3600470037300,73.1,1.5037,3
G3600470116400,75.6,1.2069,2
G3600470027900,78.3,2.2719,3
G3600470037700,77.8,1.1335,2
G3600050011700,73.4,3.8235,3
G3600810083800,83.2,2.3038,3
G3600470036100,72.9,2.5604,3
G3600810099200,78.1,2.6758,3
G3600470051300,80.4,1.7638,2
G3600470033100,81.8,2.3668,3
G3600470039300,79.2,2.3769,2
G3600470050804,79.2,2.0285,2
G3600470077000,77.8,1.6862,2
G3600470081800,77.8,1.2411,2
G3600810003300,80.4,1.3125,2
G3600470042300,77.4,1.2131,2
G3600470032900,80.4,2.0905,3
G3600810008600,77.8,1.6416,3
G3600610001002,75.6,1.0248,2
G3600470034300,76.8,1.0578,2
G3600470052000,84.3,2.3667,3
G3600470034500,80.9,2.6477,3
G3600470034100,75.1,1.85,3
G3600470117601,81.5,2.8777,3
G3600470040100,77,1.3671,3
G3600470038700,76.8,1.6,2
G3600470090200,76.2,2.3794,1
G3600470035900,75.6,1.7962,1
G3600810059300,84.5,2.5438,3
G3600470032100,81.1,2.7768,3
G3600810005400,84.2,2.558,3
G3600470042900,76.4,2.5233,3
G3600470031702,84.4,3.4645,3
G3600470088600,75.5,1.0643,2
G3600810073100,83.2,1.9336,3
G3600470051100,78.9,1.9228,3
G3600050001900,,,
G3600470041300,80.4,2.4115,3
G3600810055700,79.9,3.4283,3
G3600810010500,80.9,2.2016,3
G3600810079200,83.1,2.7287,3
G3600470116600,73.6,1.5604,3
G3600810029900,,,
G3600810005000,,,
G3600470119400,76.8,1.6993,2
G3600810035700,77.8,1.5302,3
G3600470044500,78.8,1.4083,2
G3600470117602,78.1,2.2146,3
G3600470031900,81.4,2.22,3
G3600810008700,75.6,1.3661,2
G3600810013500,83.9,2.202,3
G3600470080400,83.5,3.8793,3
G3600470050900,,,
G3600470082800,80.9,3.6556,3
G3600470033900,77.1,1.7443,3
G3600470152200,86.9,3.4191,3
G3600810001200,83.7,2.8556,3
G3600470118201,77.5,2.3716,3
G3600470050803,75.2,2.0237,2
G3600470051800,82.4,2.4037,3
G3600470033300,83.1,2.3947,3
G3600810018700,83.8,2.6758,3
G3600470088000,77.3,1.1501,2
G3600470037500,75.1,2.1652,3
G3600810091900,78.5,1.2789,3
G3600810070700,86.3,2.6084,3
G3600810081800,80.3,2.7482,3
G3600470080000,84.2,2.7436,3
G3600470082600,83.5,2.9887,3
G3600810012301,77,3.874,3
G3600470052900,77.2,1.7163,2
G3600810030600,79.3,3.299,3
G3600810092900,79.5,1.219,3
G3600810010300,84.9,2.587,3
G3600810070300,84.2,2.9459,3
G3600470082400,81.8,3.1557,3
G3600810081400,76.7,1.5044,2
G3600470051601,76.8,1.4612,2
G3600470039500,76.8,1.2465,2
G3600810078800,77.6,1.6678,2
G3600810038301,,,
G3600470033500,82.3,2.3724,3
G3600470088200,76.1,1.4559,2
G3600470035500,76.7,1.4715,2
G3600470043700,82.4,3.6506,3
G3600470052700,78.8,2.5426,3
G3600470089800,73.8,2.2053,2
G3600810003100,,,
G3600610002400,79.4,2.5628,3
G3600470090000,73.8,1.6281,1
G3600470035300,79.6,2.4792,3
G3600810030904,87.4,2.4191,3
G3600470033700,82.3,2.7687,3
G3600810049900,82.6,1.2852,3
G3600810001400,87.7,3.2552,3
G3600470119200,75.6,1.4018,2
G3600470039700,76.8,1.7429,2
G3600470089400,75.2,1.5519,2
G3600810005200,80.6,2.442,3
G3600610002000,77.3,2.0406,1
G3600810004401,78.8,1.1506,2
G3600470079601,77.8,1.6089,2
G3600810002400,80.4,2.2421,2
G3600470035100,79.8,2.9063,3
G3600810034700,82.9,2.2943,3
G3600810004002,78.8,2.6444,2
G3600810002200,82.2,2.109,3
G3600810004300,75.6,1.5506,2
G3600470035700,73.8,1.39,2
G3600610002500,77.1,1.6431,3
G3600810093900,86.8,3.4626,3
G3600470042100,76.8,1.5873,2
G3600810058300,80.5,2.3334,3
G3600810059100,79,2.093,3
G3600470118202,78.6,2.1141,3
G3600470034900,79.5,2.0598,3
G3600810099802,78.2,1.3919,3
G3600810058700,80.9,1.9403,3
G3600810067900,80.4,1.9602,3
G3600050009300,75.7,1.5442,3
G3600470088400,73.1,1.0839,2
G3600810004001,82.2,2.8193,3
G3600610000201,77.4,1.4034,2
G3600470039900,76.1,1.7529,1
G3600470089200,79.7,3.5868,3
G3600810024500,83.2,1.3743,3
G3600810079000,77.2,2.0254,3
G3600810084000,79.9,1.2234,3
G3600050000400,79.9,1.2545,2
G3600470080200,82.5,2.3503,3
G3600810055500,80.3,3.0692,3
G3600470079000,84.2,3.3386,3
G3600470120000,74.6,2.8583,3
G3600470082000,81.9,2.5787,3
G3600810092500,81.6,2.6089,3
G3600470119600,75.6,1.4174,2
G3600470120200,,,
G3600050000200,84.1,3.2118,3
G3600810090700,79.6,1.5735,2
G3600810003800,79.5,1.6096,3
G3600470051200,81.6,3.9707,3
G3600810002600,80.1,3.1509,3
G3600810032000,84.5,3.1925,3
G3600810058500,82.9,3.0585,3
G3600810037100,87.3,3.7623,3
G3600470050801,76.4,1.9967,3
G3600470041500,74.7,2.0122,3
G3600810094500,79.7,1.4194,3
G3600810094700,85.7,2.9301,3
G3600810100802,79.2,1.5008,1
G3600470051400,78.3,1.4114,3
G3600470051602,75.4,1.8695,3
G3600810008100,80.4,2.3312,2
G3600810066400,82.8,2.018,1
G3600810009400,79.9,2.5512,3
G3600470117800,76.8,2.0719,2
G3600810050500,80.9,3.4754,3
G3600610019200,72.7,1.8809,1
G3600810004200,80.6,2.5964,3
G3600610009900,81.5,3.1147,2
G3600050011000,,,
G3600810018000,76.7,2.7608,2
G3600050002701,71.6,1.74,3
G3600810000400,82.7,3.0699,3
G3600810003200,76.9,2.4445,3
G3600810018401,75.1,2.1955,3
G3600810101002,79,1.4019,3
G3600810002000,81,3.3329,3
G3600810069400,81.1,3.8257,3
G3600810001800,81.5,2.4484,3
G3600470041900,77.4,2.5733,3
G3600810038302,,,
G3600810097300,81.4,1.0762,2
G3600810029400,82.4,2.4286,3
G3600810001000,84,3.2849,3
G3600810029700,81.9,1.3748,2
G3600810003000,79.8,1.6036,2
G3600810032900,79.5,1.2574,2
G3600810018200,78.8,3.3486,3
G3600810003600,82.4,2.5012,3
G3600810001600,82.1,2.1362,3
G3600810017800,80.9,3.5049,3
G3600470044300,78.3,1.8754,3
G3600810069000,79.7,1.9818,3
G3600810103201,75.6,1.6428,2
G3600470119000,,,
G3600470118800,75.6,1.6312,2
G3600810011200,82.1,2.829,3
G3600470118400,79.3,2.2559,3
G3600470041700,79.3,2.5705,3
G3600810002800,76.2,1.7388,3
G3600810009600,79,1.7576,2
G3600810054500,81.6,3.4212,3
G3600810008300,81.8,3.9217,3
G3600810058900,80.3,2.4981,3
G3600610000600,84.3,1.9314,1
G3600810098100,82.3,1.3114,3
G3600810011400,78.2,2.8129,3
G3600470051002,78.3,1.5138,2
G3600810017900,80,3.4724,2
G3600470043100,80.2,3.8989,3
G3600810003400,81.7,3.7174,3
G3600810029500,80.7,2.9109,3
G3600810080302,87.1,3.0536,3
G3600810011100,82.1,1.9134,3
G3600810010100,81.6,2.0179,3
G3600470079602,76.7,1.4281,2
G3600810017600,80.9,2.4512,3
G3600050008400,83.6,2.8616,3
G3600470118600,80.4,2.6517,3
G3600810018402,79.5,2.3055,3
G3600470079200,80.2,3.0963,3
G3600810012800,83.6,3.669,3
G3600050030900,77.9,1.0395,3
G3600810103202,80.3,1.6603,3
G3600810018600,80.1,3.2453,3
G3600810018900,86.8,3.2855,3
G3600470051001,76.5,1.6112,3
G3600470082200,78.3,1.9881,1
G3600810012100,82.2,1.7288,3
G3600810099801,77,1.2082,3
G3600810127700,85.7,2.108,3
G3600810012602,77.7,1.7757,2
G3600810010200,78.3,1.7432,2
G3600810080301,86.4,2.4119,3
G3600810005100,79.7,2.1034,2
G3600470043500,84.1,3.6733,3
G3600810000800,80,1.8119,3
G3600810018800,80.8,2.3776,3
G3600810055100,78.3,1.2669,3
G3600810101001,76.8,0.7327,2
G3600810028800,81.9,2.1727,3
G3600810017400,79.2,1.6944,3
G3600810030902,84.9,2.6727,3
G3600470043900,84.1,3.4023,3
G3600810010000,82.8,3.8557,3
G3600810055300,,,
G3600050009000,76.8,1.3241,2
G3600810133900,82.6,0.9699,2
G3600810048900,81.5,2.263,2
G3600050002702,75.6,1.5453,2
G3600810043200,80.1,3.0937,3
G3600810072300,,,
G3600810019200,79.4,3.8652,3
G3600050002500,72.9,1.3746,3
G3600810011600,82.7,2.6389,3
G3600810043400,80.7,2.0064,3
G3600810000600,79.8,1.7486,3
G3600610001200,88.9,2.4736,3
G3600810019800,75.7,1.858,3
G3600810016800,78,1.739,2
G3600810016300,78.1,2.5736,3
G3600810036700,83.4,2.7179,3
G3600610000800,,,
G3600810042400,83.4,2.7166,3
G3600810068000,79.6,1.8528,3
G3600810019400,79.3,2.5836,3
G3600810025800,,,
G3600810074900,88.5,3.6146,3
G3600810025400,78.5,2.123,1
G3600810042600,,,
G3600810028000,76.3,2.4921,3
G3600810017200,77.6,1.2834,2
G3600810026600,74.4,2.6761,3
G3600810027200,75.5,1.3501,2
G3600810133300,83.7,1.3691,3
G3600810019600,76.5,1.4501,2
G3600810026000,77.4,2.09,3
G3600810041400,76.7,1.4081,2
G3600810013700,80.3,1.2413,2
G3600610011700,,,
G3600810019000,,,
G3600810141700,86.9,2.0008,3
G3600810033000,77.6,0.9672,2
G3600810120700,82.9,3.0947,3
G3600810028200,79,2.779,3
G3600810020200,80.9,3.9809,3
G3600470043300,77.4,1.4823,2
G3600810036800,84.8,3.2945,3
G3600810103900,83.4,1.5827,3
G3600810012601,77.2,2.1739,1
G3600810027800,76.7,1.7045,3
G3600810054700,79.1,1.873,2
G3600610017800,76.2,1.5748,3
G3600810013000,83.2,3.0592,3
G3600050032300,81.6,1.8449,3
G3600810032800,77.1,1.4314,2
G3600810028400,76.7,1.4848,2
G3600810026400,77.9,2.0375,3
G3600810027400,82.6,2.7893,3
G3600810020400,78.3,1.2246,2
G3600810068200,79.9,3.2512,3
G3600810011000,83.8,2.7434,3
G3600810027600,75.7,2.5343,3
G3600050016600,80.5,2.3945,3
G3600610006900,81.5,2.0681,2
G3600810020600,77.1,2.9455,2
G3600810026200,79.7,3.8629,3
G3600810054900,76.6,1.3213,2
G3600810033402,80.2,1.7392,1
G3600810017000,83,3.3089,3
G3600810036600,78.5,1.5126,3
G3600810015200,79.2,1.9988,2
G3600470044100,84.3,2.3611,3
G3600470079400,,,
G3600050002300,75,1.3207,3
G3600810027000,73.8,1.5732,2
G3600810128300,,,
G3600810126700,81.2,1.2104,2
G3600810016600,77.7,2.3978,3
G3600810035200,80,2.0016,1
G3600810098700,81.9,1.6937,3
G3600810047600,80.5,2.94,3
G3600810015801,77.8,1.5136,3
G3600050013200,83.5,3.1252,3
G3600810134100,81.2,1.3117,3
G3600810033401,81.8,2.6195,3
G3600810069500,80.4,1.196,3
G3600050031900,,,
G3600810035800,84.7,3.5419,3
G3600810076901,83.7,2.9922,3
G3600810011300,77.7,3.3338,3
G3600810075701,88,3.5017,3
G3600810014500,80.9,1.0521,2
G3600810134700,80.7,0.8065,2
G3600810065000,79.3,1.3497,2
G3600810004500,84.8,1.7503,3
G3600810017100,,,
G3600810009700,82.7,1.2008,3
G3600810024900,81.9,1.7444,3
G3600810037300,83,3.7687,3
G3600810014100,77.9,2.6126,3
G3600810065400,79.6,2.2531,3
G3600810039800,79.6,3.2069,3
G3600810040200,79.6,2.0352,3
G3600810018501,82.4,2.1146,3
G3600810009800,77.6,2.4832,2
G3600050003100,77.1,2.1819,2
G3600810014800,79.5,1.5379,2
G3600810011800,81.8,3.2112,3
G3600810039900,,,
G3600810012400,81.7,2.6671,3
G3600810015000,79.5,1.448,2
G3600050044901,80.2,2.6901,3
G3600810011900,81.4,1.5927,2
G3600810069702,88.3,3.4964,3
G3600810010400,81.6,1.9949,3
G3600810062600,82.8,2.4973,3
G3600610003300,,,
G3600810124700,85.3,2.4596,3
G3600810014202,85.5,2.6058,3
G3600810015400,79.9,1.6684,2
G3600810024700,78.8,2.1004,2
G3600810040000,80.8,3.6616,3
G3600810016400,79.9,1.9099,3
G3600610012900,78.9,2.3991,3
G3600810039400,84,2.7181,3
G3600810005500,81.5,2.8635,2
G3600050003300,77.5,2.9852,3
G3600810004700,77.7,1.5799,3
G3600050014400,75.6,1.5119,3
G3600810126500,,,
G3600810020800,81.5,3.6572,3
G3600810015600,84.1,2.9905,3
G3600050003900,76.8,1.3407,2
G3600810064600,81.9,1.4183,3
G3600810025500,80.6,2.9077,3
G3600810073700,86.5,2.7344,3
G3600810013400,81.2,1.0588,2
G3600810076902,83.6,3.3554,3
G3600810065600,85.8,3.3264,3
G3600810140902,82.9,1.4323,3
G3600810044000,79.1,2.7608,3
G3600050015200,82.2,1.9194,3
G3600810037600,79.8,1.591,3
G3600050002000,80.3,2.5833,1
G3600810077300,86.5,3.7798,3
G3600810070900,84.3,2.6569,3
G3600810063000,79.3,1.1809,2
G3600810013200,79.2,2.842,3
G3600810025700,82.4,2.037,2
G3600050029301,79.1,1.4648,3
G3600810047900,88.3,2.8459,3
G3600810063800,84.9,2.3521,3
G3600810010800,83.4,2.988,3
G3600050013800,81.9,2.5948,3
G3600810012000,82.7,3.0775,3
G3600810015802,83.3,3.6328,3
G3600810066000,83.2,2.5033,3
G3600810023500,82.7,2.3405,3
G3600810010600,84.9,3.0942,3
G3600810012200,83.1,2.9496,3
G3600610002700,82.8,2.166,3
G3600810024600,,,
G3600810047200,86.8,2.003,3
G3600050030701,81.9,1.3736,3
G3600810145900,82.4,1.5396,3
G3600810063200,80.2,1.9918,3
G3600810119500,82.4,1.7416,2
G3600810140901,81.5,2.8426,3
G3600810062400,,,
G3600810014201,78.2,2.5467,3
G3600810014400,78.8,1.8951,2
G3600810142900,86,3.2234,3
G3600810062000,80.8,1.6949,2
G3600810021200,78.8,1.8025,2
G3600810052800,80.7,3.5851,3
G3600810103300,82.6,1.4127,3
G3600050013000,79.7,1.7373,2
G3600810075702,81.6,1.7525,3
G3600810077902,82.2,0.9628,3
G3600050008600,75.6,1.1033,2
G3600810061800,83.4,3.4289,3
G3600050016200,81.4,0.9132,2
G3600810077903,85.8,3.0773,3
G3600610019400,78.8,3.0179,3
G3600810061602,79.3,1.2017,2
G3600050016400,80.6,1.3363,2
G3600810061601,82.6,2.4407,3
G3600810061400,83.2,2.5607,3
G3600810061200,,,
G3600050016000,81.8,1.6892,3
G3600050034500,82.8,2.0812,3
G3600810040400,77.9,1.4287,3
G3600810061000,81.9,3.6293,3
G3600810052600,78.9,2.0559,3
G3600810007900,79,1.6186,3
G3600050019400,78.8,1.349,2
G3600610024200,76,1.897,3
G3600050015800,70.7,1.6815,3
G3600810009500,83.5,2.7018,3
G3600050033700,82.9,2.041,3
G3600810025900,81.3,2.8034,3
G3600810015100,81.9,1.1662,2
G3600810105900,84.3,1.773,3
G3600810016100,78.8,1.2155,2
G3600810052400,78.1,1.5144,2
G3600810129103,86.7,2.1667,3
G3600050030200,88.6,3.2369,3
G3600810099900,,,
G3600810060600,80.6,2.2301,3
G3600810018502,77.9,1.7698,3
G3600610023801,81.2,0.9922,2
G3600810045600,80.7,1.4313,2
G3600810038100,77.7,1.1914,2
G3600050027402,82.5,1.673,3
G3600810077500,80.2,1.2733,3
G3600810074700,80.7,1.6604,2
G3600810062200,81.9,2.547,3
G3600810046400,80.9,2.3716,3
G3600050045600,,,
G3600810120300,,,
G3600050035100,80.1,2.0561,3
G3600810047500,84.6,2.4972,3
G3600810145101,80.3,2.116,2
G3600810102900,84.8,1.9626,3
G3600810111300,82.9,2.0797,3
G3600810007700,81.4,3.5562,3
G3600810047800,83.4,2.0015,3
G3600810014000,81,1.7076,3
G3600810038400,77.2,2.0653,3
G3600810140300,86.8,2.3733,3
G3600810060800,85.3,2.9485,3
G3600610003100,,,
G3600810099100,82.3,1.2608,3
G3600810050400,77.6,1.061,2
G3600810044400,82,2.2113,3
G3600810025100,81.1,3.6811,3
G3600050007400,78.6,2.5331,3
G3600810022001,84.5,2.1701,3
G3600810068700,88.2,2.9763,3
G3600810119300,82.3,1.8524,3
G3600810029300,81.5,1.9638,2
G3600810114700,86.7,2.5225,3
G3600810129102,83.8,1.2908,3
G3600810024000,76.8,1.4579,2
G3600810145102,85.3,2.5814,3
G3600810045200,77.8,1.107,2
G3600810148300,81.7,2.0284,3
G3600050001600,80.9,1.8034,3
G3600810052200,82.8,3.3354,3
G3600810013600,88.2,2.7766,3
G3600810053000,80.4,1.7722,3
G3600050034300,73.4,1.9647,3
G3600810045800,85.1,3.3965,3
G3600810109700,83.9,2.2346,3
G3600810021600,88.2,3.9925,3
G3600810080900,88.6,2.9334,3
G3600810060000,81.9,2.4638,3
G3600810121500,85,1.96,3
G3600810049200,81.7,2.5948,3
G3600050004100,73.5,1.3528,3
G3600810026100,80.3,1.6752,3
G3600810018101,78.7,1.3896,3
G3600050003500,78.8,3.5915,3
G3600810042700,82.5,2.5852,3
G3600050031000,75,1.0896,3
G3600050005100,74.4,1.3771,3
G3600610003700,81.5,1.3237,2
G3600050030100,76.9,1.6589,3
G3600810077905,86,3.0698,3
G3600810043701,78,1.6687,3
G3600810048000,79.9,1.3462,2
G3600810114100,82.5,1.9169,3
G3600810045000,84.3,2.4079,3
G3600810109300,,,
G3600050027600,,,
G3600810112300,82.4,2.5514,3
G3600810021400,81.2,2.0745,2
G3600810013800,86.2,3.0902,3
G3600810015300,84.5,3.8177,3
G3600810147100,83.3,1.7693,3
G3600810077904,82,1.52,3
G3600810118100,80.3,1.5127,2
G3600050008300,77.8,2.0655,3
G3600810044601,79.7,2.6841,3
G3600810050201,77.1,2.6933,3
G3600810022002,81.5,1.6923,3
G3600810052000,77.8,3.8124,3
G3600810143500,81,2.59,3
G3600810050600,81.1,3.1148,3
G3600810048200,81.3,3.4099,3
G3600050018400,80.8,1.8068,3
G3600810117500,84.8,1.8062,3
G3600050031200,83,2.5995,3
G3600810059600,79.3,1.8462,2
G3600810083700,86.1,2.4446,3
G3600810014700,88.7,3.455,3
G3600810047000,78.3,1.4187,2
G3600810112900,81.9,2.5564,3
G3600810109900,82.2,1.4502,3
G3600810059400,79.3,1.7244,2
G3600810046600,81.9,2.0203,3
G3600050033500,84.2,2.0064,3
G3600610002800,78.9,1.9885,3
G3600050027401,79.3,2.4426,3
G3600810146300,,,
G3600810036100,82.5,2.3659,3
G3600810036500,78.3,1.7016,2
G3600810073900,84.2,1.5449,3
G3600810040100,76.6,2.1754,2
G3600810030903,89.6,3.9257,3
G3600810045400,82.1,2.7335,3
G3600810023800,80.3,3.0469,3
G3600810113900,87.6,2.6779,3
G3600810059800,82.6,3.4798,3
G3600810124100,82.6,1.444,3
G3600810113300,88.2,3.6458,3
G3600610002900,87.4,1.727,3
G3600810053200,77.4,2.1242,3
G3600810051800,79.6,1.9977,3
G3600810059200,77.6,2.0225,3
G3600810156700,79.6,1.3519,2
G3600050035600,77.6,1.2289,2
G3600810050000,80.3,2.3019,3
G3600810050800,79.6,2.2975,3
G3600810115100,87.8,3.7838,3
G3600810046800,82.1,2.5587,3
G3600810138502,,,
G3600810053401,79.3,1.1957,2
G3600810144700,83.1,2.3526,3
G3600810018102,81.5,1.6982,3
G3600810146700,78.7,1.3024,3
G3600810011700,79.4,1.1571,3
G3600810108500,85,2.6126,3
G3600810050202,81.1,3.3901,3
G3600050003800,74.1,3.5019,3
G3600810059000,79.3,1.3168,2
G3600810046200,79.9,1.5465,3
G3600810058000,82,2.705,3
G3600050036000,77.4,1.6855,3
G3600810046000,81.7,2.3409,3
G3600810048400,82,2.1198,3
G3600810136700,83.7,1.5289,3
G3600810051600,78.6,2.4092,2
G3600810077907,80.1,1.5222,2
G3600810051000,79.8,2.2854,2
G3600810025302,80.5,2.3116,3
G3600810023200,82.5,1.6559,3
G3600810011500,79.2,1.7775,3
G3600810016900,85,2.1062,3
G3600810023000,82.8,1.6673,3
G3600810144100,83.2,1.9554,3
G3600810119100,79.3,1.4638,3
G3600810053601,79.8,1.6352,2
G3600810099703,84.8,1.6385,3
G3600810058200,77.6,1.7585,2
G3600810053800,79.3,3.2311,3
G3600810122300,85.4,2.222,3
G3600810051200,80.6,2.6552,3
G3600810104700,82.6,1.3389,3
G3600810147900,84.3,2.2792,3
G3600810044602,78.4,2.0929,3
G3600610018800,77.8,2.2451,3
G3600050031400,79.3,1.4152,3
G3600810119900,83,2.5536,3
G3600810138501,88.6,3.2087,3
G3600810129104,80.3,1.2215,3
G3600050003700,,,
G3600810157102,80.9,1.8587,3
G3600610013500,84.2,2.5504,3
G3600810023600,79.8,1.3757,2
G3600810101700,82.3,1.222,3
G3600810055200,80.2,2.1604,3
G3600810044800,81.6,2.5361,3
G3600810118500,83.2,2.991,3
G3600610002602,78.6,1.6601,3
G3600810054000,77.4,1.2783,3
G3600810049600,77.6,1.1838,2
G3600810071100,84.5,1.7435,3
G3600810054800,81.5,1.8248,3
G3600810015700,79.5,3.976,3
G3600810139900,83,2.4651,3
G3600050046201,81.4,0.9574,1
G3600810041500,82.1,2.2637,3
G3600810125700,77.8,1.4671,3
G3600810006900,84,1.8962,3
G3600810056800,80.9,1.963,3
G3600810130100,81.7,1.4195,3
G3600610007500,82.9,2.8928,3
G3600810018300,80.7,1.1867,3
G3600810014300,85.3,2.7465,3
G3600810015900,80.4,1.3302,2
G3600810088901,81.3,1.3826,3
G3600810005700,81.7,3.1264,3
G3600610001401,83.6,1.5559,3
G3600810025301,83.6,2.2595,3
G3600610002201,82.4,1.7375,3
G3600810026300,85.3,3.7143,3
G3600050048400,82.2,2.9859,3
G3600810099705,81.8,1.7032,2
G3600810157101,85.3,1.8262,3
G3600050007900,82.1,3.5458,3
G3600810005300,84.1,3.1067,3
G3600050044902,79.8,2.2441,3
G3600050035000,79,1.942,2
G3600050029600,81.2,1.4036,2
G3600810054200,80.1,1.5249,3
G3600810074500,82.1,1.5525,3
G3600050030000,79.8,1.5581,3
G3600810162100,85.5,2.2178,3
G3600050009800,79,1.3371,2
G3600810036300,77,2.213,3
G3600810161700,85.6,2.2421,3
G3600810137700,84.8,2.7038,3
G3600810055600,88.3,3.7463,3
G3600050031600,82.7,2.5753,3
G3600610019600,75.6,1.2431,3
G3600050004300,79,2.6594,3
G3600810099704,83.7,1.4253,3
G3600050028400,,,
G3600810079900,83.3,1.8377,3
G3600810048300,80.9,1.6864,2
G3600050046202,78.5,1.2794,1
G3600050007300,75.6,1.3431,2
G3600810117100,81.7,1.6692,3
G3600810056400,77.8,2.2918,3
G3600050006500,76.1,1.9936,3
G3600050026400,81.8,1.8091,3
G3600810043900,76.6,1.9912,2
G3600050011502,75.6,1.3105,2
G3600810155101,,,
G3600810152901,88.3,2.1616,3
G3600810056600,80.3,2.602,3
G3600810056200,78.3,1.5172,2
G3600810074100,84.4,2.2482,3
G3600810055400,82,2.588,3
G3600610007900,88.2,3.0584,3
G3600610002202,,,
G3600050035800,85.2,2.5629,3
G3600610020600,79.2,2.29,2
G3600810155102,83.7,1.5184,3
G3600810055800,85.2,2.2117,3
G3600050008500,77.7,2.5661,3
G3600810077908,79,1.8174,3
G3600810099701,81.6,1.61,3
G3600810086900,86.3,3.836,3
G3600050043500,,,
G3600810056000,83.8,3.9838,3
G3600050028600,80.4,1.8001,2
G3600810032700,86.3,3.1494,3
G3600610002601,76.8,1.915,3
G3600810068300,88.4,2.9273,3
G3600810150702,82.9,1.1847,3
G3600810150701,84.2,1.8004,3
G3600050015500,75.6,1.3079,2
G3600050036400,77.8,2.3597,2
G3600810157903,82.5,1.4902,3
G3600810077906,83.2,2.1076,3
G3600810074300,85.1,1.96,3
G3600050026601,79.7,1.5315,3
G3600810157902,81.2,1.9035,3
G3600050008900,79.8,2.3603,3
G3600610021000,74.9,1.5437,3
G3600810152902,84,1.7027,3
G3600810029100,81.9,1.539,3
G3600050009600,75,1.5497,3
G3600810012500,82.9,2.2426,3
G3600050015300,77.9,2.7172,3
G3600050026602,83.6,2.275,3
G3600810157901,82.8,1.5405,3
G3600810035300,77.1,1.2072,2
G3600810071305,83.3,1.6606,3
G3600810007100,80.2,1.8022,3
G3600610018000,77.4,1.7003,3
G3600810033700,79,2.0521,2
G3600810069300,83.2,3.5798,3
G3600050046000,70.9,1.5236,3
G3600810071303,82.3,1.6884,3
G3600810047300,88.4,3.0162,3
G3600050007100,77,2.6384,3
G3600050007500,74.5,1.1711,3
G3600050015900,75.4,1.8188,3
G3600050044800,79.8,1.2892,2
G3600050034800,80.7,1.9046,3
G3600810115500,80.6,1.5211,2
G3600810069701,81.3,1.2781,3
G3600810014900,81.4,2.5569,3
G3600810122701,84.9,2.2234,3
G3600050020000,79.6,2.1205,3
G3600610001402,80,1.5838,3
G3600050031800,79.9,1.6249,3
G3600050044200,76.8,1.4302,2
G3600810033900,81.4,1.7603,3
G3600050038600,82.2,2.2982,3
G3600050007700,73.7,3.5823,3
G3600810040300,76.6,1.5576,2
G3600050042600,81.5,2.2301,3
G3600050012500,76.8,1.6616,2
G3600610023802,59,2.3306,3
G3600810043702,82.9,2.9248,3
G3600050008700,79.3,2.305,1
G3600810035100,82.3,1.4463,3
G3600050012701,76.3,2.451,3
G3600810037900,76.3,1.5682,2
G3600810007500,81.6,1.355,3
G3600050011900,79.8,2.5284,3
G3600050045800,73.2,1.7074,3
G3600810122702,76,1.2006,1
G3600810007300,83.7,2.8615,3
G3600810006502,78.7,1.5463,3
G3600810026500,80.9,1.824,2
G3600810045700,84.7,2.0611,3
G3600610016200,81.4,2.8105,3
G3600050004600,73.6,3.0846,3
G3600050006700,78,2.5589,3
G3600810044301,85.3,3.2129,3
G3600050012901,78.1,3.3008,3
G3600050044400,81.6,3.0123,3
G3600050013100,73.8,1.6897,3
G3600810048500,85.5,2.8564,3
G3600810071306,83.6,2.0597,3
G3600050015100,75.6,1.3864,2
G3600050002800,78,1.3217,1
G3600050013300,79.9,2.6301,1
G3600050004200,75.4,1.3697,3
G3600810015500,85.1,3.6568,3
G3600050016300,,,
G3600050045102,77.7,1.5993,3
G3600050036700,75.6,1.7831,2
G3600810045500,82.9,2.4586,3
G3600810071702,,,
G3600810006501,80.1,1.2445,3
G3600810005900,81.8,1.636,3
G3600610001600,93.6,3.7672,3
G3600050016100,76.3,1.8311,3
G3600050012101,76.5,2.1716,3
G3600050029700,75.3,1.2498,3
G3600050041400,82.6,2.2548,3
G3600050038200,76.7,1.392,2
G3600050025600,79.8,3.4547,3
G3600050036100,75.4,1.9755,3
G3600610019800,74.4,1.5371,3
G3600050025400,78.7,0.876,2
G3600050012300,77.2,1.6902,3
G3600810044302,78.8,1.182,2
G3600610018200,76.6,2.1862,1
G3600610004400,,,
G3600050028800,85.7,2.8079,3
G3600610004700,81.4,2.1844,3
G3600610020800,77.8,1.7611,2
G3600050035900,75.6,2.8419,2
G3600810041300,85.9,3.8494,3
G3600050036800,80.8,2.007,3
G3600050013500,75.6,1.7243,2
G3600610021200,76.4,1.3444,3
G3600050012102,75.6,2.0389,2
G3600050029302,83,1.2842,3
G3600810040500,76.6,1.7311,2
G3600810028900,82.8,1.3742,3
G3600050042800,84.1,3.4202,3
G3600050015700,75.6,2.1922,2
G3600810071304,83.9,1.8378,3
G3600610021100,81.5,1.7597,3
G3600810071900,86.1,3.0569,3
G3600050020200,80.8,3.1063,3
G3600610021400,79.9,1.9713,3
G3600810071701,82.9,1.6485,3
G3600610017000,81.8,1.527,3
G3600810087100,79.1,2.4347,3
G3600050036502,,,
G3600050036902,75.6,1.6471,2
G3600810120100,78.8,1.4925,2
G3600050036300,75.6,1.4233,2
G3600810072100,83.8,1.5148,3
G3600050014900,72.9,1.5589,3
G3600050007800,75.6,1.4127,2
G3600050038800,78.1,1.7352,3
G3600810045900,83.7,2.3954,3
G3600810084900,74.9,1.6548,2
G3600810006100,81.4,1.3817,2
G3600050022000,75.6,2.8617,2
G3600810006300,83.6,2.5223,3
G3600810115700,88.5,3.4144,3
G3600050034400,79.9,1.7883,2
G3600810120500,85.8,2.6985,3
G3600810084500,,,
G3600810037700,84.1,2.9615,3
G3600050006900,76.8,1.2393,2
G3600610018400,82.4,2.9562,3
G3600610020500,81.6,0.8564,2
G3600610020000,80.7,2.8736,3
G3600050045101,81,2.2289,3
G3600610015100,84,3.4093,3
G3600610008603,85.8,1.9351,3
G3600050020400,79.8,2.7805,3
G3600050005200,79.5,3.4118,3
G3600050043600,79.6,2.8953,3
G3600050023600,77.4,1.5865,2
G3600610017402,71.2,2.3473,3
G3600050006100,84.1,2.2287,3
G3600050039800,79.3,3.1174,3
G3600050005001,78.5,2.223,1
G3600050037000,79,1.0962,2
G3600050025200,80.1,1.8636,3
G3600810079702,83.6,2.0259,3
G3600810041100,82.5,3.3906,3
G3600050039300,75.2,1.2899,1
G3600050024000,75.6,1.943,2
G3600610017200,,,
G3600050006000,77.4,2.7494,2
G3600050029500,83.4,2.025,3
G3600610014700,,,
G3600810040700,85.1,2.8621,3
G3600050004001,85.3,3.5987,3
G3600050036501,79.2,3.5005,3
G3600050028500,82.6,2.2598,3
G3600810048100,80,1.8731,2
G3600610019000,77.7,2.0128,1
G3600050042400,78.1,2.2032,3
G3600810028700,82.9,1.7534,3
G3600610008602,,,
G3600050009200,80.2,2.0698,3
G3600050043400,81.4,1.9821,3
G3600610018600,76.3,1.8348,3
G3600610006000,85.5,1.4093,3
G3600610017401,75.5,1.8268,3
G3600050040400,81.9,2.7249,3
G3600610004500,,,
G3600810116700,79.1,1.9306,2
G3600050020601,78.5,1.5202,2
G3600810118900,85.1,2.9273,3
G3600810115900,81.5,1.7983,3
G3600050005002,75.6,1.8264,2
G3600050032600,77.6,2.807,3
G3600050004400,73.9,1.4264,3
G3600810046100,78.8,1.7164,2
G3600810047100,85,3.7206,3
G3600050034200,79.2,1.6199,2
G3600050024400,81.8,2.9441,3
G3600610010601,89.9,2.3282,3
G3600050023800,78.2,2.5164,3
G3600050025000,82.7,2.5333,3
G3600050005400,80,2.5018,3
G3600610011201,,,
G3600050014100,76.8,1.626,2
G3600610004100,84.3,1.5395,3
G3600050043000,77.8,1.972,2
G3600050036901,75.9,2.2334,3
G3600810040900,76.6,1.4346,2
G3600610022400,72.9,1.2462,3
G3600810026700,81.3,1.8071,3
G3600050004800,80,2.2584,3
G3600610008300,81.2,1.6842,2
G3600050041800,76.8,1.6144,2
G3600050006300,76.8,1.2675,2
G3600050023200,82.4,2.8461,3
G3600610022200,76.2,2.6563,3
G3600050037100,78,2.7139,1
G3600050005902,76.4,1.535,3
G3600050005600,75.6,0.9381,2
G3600810118700,77.7,1.1874,2
G3600810116100,80.5,1.1206,3
G3600810037500,76.3,1.3072,2
G3600050018500,75.8,1.6799,1
G3600610021900,80.6,3.6248,3
G3600610006700,,,
G3600610001800,79.2,1.1626,2
G3600050023000,78.8,1.6982,2
G3600610008601,81.5,2.7557,2
G3600610011500,,,
G3600050021001,76.9,0.8641,3
G3600050021800,77.4,1.5374,3
G3600810046300,82.8,3.0307,3
G3600610013300,84.9,3.0955,3
G3600050034000,81.9,3.4817,3
G3600610003001,,,
G3600610012700,81.7,1.8878,2
G3600610022000,79.6,2.6268,2
G3600610009800,87.8,3.9553,3
G3600610022302,80.6,2.5513,3
G3600810028500,82.3,2.5098,3
G3600050039000,81.4,3.9455,3
G3600610006200,81.5,2.1888,3
G3600610022600,78,1.8908,3
G3600610020901,75.3,1.6145,3
G3600610012100,81.6,1.5618,2
G3600610013700,86,3.0035,3
G3600610004900,83,2.6191,3
G3600610010400,81.5,1.2745,2
G3600050027900,79.7,1.2148,3
G3600610013900,79.3,1.571,3
G3600050006200,78.1,2.7842,1
G3600050028100,78.7,1.2896,3
G3600610009300,,,
G3600610016400,78.7,2.5801,3
G3600050039600,86,3.9502,3
G3600050021002,79.9,1.4679,2
G3600610003200,,,
G3600610011100,77.6,1.7715,3
G3600050037200,78.3,1.3282,2
G3600050007200,84.3,3.1541,1
G3600050021601,82.8,3.5027,3
G3600050039400,77,1.5385,1
G3600810027300,80.6,1.6437,1
G3600610010300,81.6,2.616,2
G3600610021800,82.7,3.1029,3
G3600610020300,,,
G3600610003400,81.8,1.7904,2
G3600050022200,80.2,2.8425,3
G3600610011202,,,
G3600610016800,66.2,2.3494,3
G3600050038000,76.9,1.804,3
G3600610008900,81.6,1.4974,2
G3600050006800,75.6,1.2627,2
G3600050040800,76.8,1.4353,2
G3600610010602,84.4,2.2206,3
G3600050038900,76.5,2.0627,3
G3600810046500,81,2.5047,3
G3600050007000,80.6,3.715,3
G3600610022800,75.9,2.2914,3
G3600610003002,79.8,1.5575,3
G3600050016900,75.2,3.0008,3
G3600610009000,85,3.7211,3
G3600610010200,,,
G3600610013100,83.3,2.4222,3
G3600810028300,83.3,1.8153,3
G3600050042000,79.9,2.6692,3
G3600050033400,,,
G3600610009700,81.3,1.5611,3
G3600050028700,82.4,2.3623,3
G3600050021602,85,3.6693,3
G3600050040600,83.8,3.6023,3
G3600050006400,81.9,3.982,3
G3600810026902,86.3,3.0706,3
G3600050033800,76.8,1.5581,2
G3600610011401,,,
G3600050042200,83.8,3.1107,3
G3600610025700,81.6,2.2775,3
G3600810116300,82.3,1.19,3
G3600610023600,75.4,1.3443,3
G3600810028100,82.9,2.0481,3
G3600610020701,83.1,2.9438,3
G3600610010800,85.3,1.6466,3
G3600810079701,,,
G3600610015500,87.9,1.8229,3
G3600050021200,79.7,2.0888,3
G3600610007300,80,1.1286,3
G3600810027700,84.8,2.9028,3
G3600050007600,81.3,2.4677,3
G3600810046700,84.4,2.455,3
G3600050022404,80.1,2.3345,3
G3600610016600,82.4,3.436,3
G3600610021600,78.8,2.1547,3
G3600610010000,84.1,3.0144,3
G3600050039200,,,
G3600810027500,87.5,2.8234,3
G3600610029700,,,
G3600610021303,76.4,1.4668,3
G3600610014500,88,2.8595,3
G3600050028300,76.8,2.0552,2
G3600050024600,84.8,2.73,3
G3600610023200,72.7,1.6134,3
G3600810046900,86.2,2.6788,3
G3600610019900,81.6,0.8271,2
G3600610023000,78.8,2.2385,3
G3600610021500,72.9,1.519,3
G3600050033202,74.8,1.3572,3
G3600810027100,88.4,2.4661,3
G3600050022401,81.2,2.2822,3
G3600050028900,79.8,1.3146,3
G3600050024800,78.4,1.5819,3
G3600050037300,76.9,1.5588,1
G3600050039100,75.5,2.22,3
G3600810027900,88,3.1638,3
G3600610022301,82.3,2.231,1
G3600610008800,88.7,3.7127,3
G3600610003601,77.3,1.5632,3
G3600050014702,76.4,3.4103,1
G3600050014701,75.1,3.4828,3
G3600610011203,84.1,2.2396,3
G3600610004300,82.4,2.0886,3
G3600050022800,78.6,1.3822,3
G3600050033201,81.5,1.5143,3
G3600610012500,78.6,2.8101,3
G3600610016002,84,1.8852,3
G3600610012200,82.1,0.8609,2
G3600050032400,,,
G3600810085900,85.7,2.3389,1
G3600810085300,85.4,2.9299,3
G3600610023400,,,
G3600810026901,82.2,2.3857,3
G3600050016700,,,
G3600610014300,,,
G3600810086100,79.7,1.2151,2
G3600050014500,69.5,1.3651,3
G3600610030900,80.9,1.6154,3
G3600050033600,75.9,1.2922,1
G3600610014900,89.1,2.3664,3
G3600610020101,,,
G3600610022500,81.3,1.5379,3
G3600050033000,85.3,3.291,3
G3600810086500,81.4,2.0113,3
G3600610011900,,,
G3600610011600,83.5,3.7538,3
G3600610009600,,,
G3600610020102,82.4,3.5548,3
G3600050016500,,,
G3600050032800,81.6,2.806,1
G3600610011402,87,2.7902,3
G3600050022403,81.2,2.5722,3
G3600610007700,81.7,1.7297,3
G3600810086300,87.3,3.2192,3
G3600610009400,,,
G3600610009200,79.5,3.6525,3
G3600050017300,78.1,3.0358,3
G3600610003602,81.6,1.8913,2
G3600610015300,87.8,2.5291,3
G3600610007800,82.3,2.1335,3
G3600610019701,78.4,1.9492,2
G3600050037800,76.5,1.8517,3
G3600610011000,87,2.5797,3
G3600050037400,74,1.7697,3
G3600050027700,76.3,1.3814,2
G3600610015900,84.3,2.0752,3
G3600610015602,78.9,2.9825,3
G3600050014300,75.6,2.2785,2
G3600610019500,82.2,1.9467,3
G3600810085700,82.6,1.8891,3
G3600610011300,,,
G3600610019702,76.7,2.6337,3
G3600610030700,86.4,3.4282,3
G3600050018900,75.7,1.7545,1
G3600810085500,84.1,2.1002,3
G3600610015200,87.8,2.9432,3
G3600610006500,83.4,2.8228,3
G3600610021703,,,
G3600610015700,87.5,2.8832,3
G3600610010900,,,
G3600610022900,80.9,1.9432,3
G3600610005501,86.1,2.5369,3
G3600610015802,79.3,1.6495,3
G3600610007000,83.8,2.5319,3
G3600610012000,84.6,1.5948,3
G3600050037600,77.6,2.2881,3
G3600050018302,,,
G3600610005502,,,
G3600610016001,84.9,1.6226,3
G3600610022102,76.2,2.109,3
G3600610003800,,,
G3600610013000,84.7,1.9798,3
G3600610016300,85.7,1.9754,3
G3600610014402,81.5,1.122,2
G3600610025900,82.3,3.571,3
G3600610019100,88.6,3.6118,3
G3600610008000,88,2.5282,3
G3600050018301,83.9,2.5886,3
G3600610008400,,,
G3600610012400,,,
G3600050037504,75.6,1.6703,2
G3600050043100,75.3,1.0341,1
G3600610030300,82.6,2.2322,3
G3600610019300,82.2,3.0747,3
G3600610006600,80.3,1.9564,3
G3600610023502,72.6,2.1254,3
G3600610011800,88.5,2.4988,3
G3600050042100,77.9,1.5175,2
G3600050027300,85.1,3.2438,3
G3600610010100,81.2,3.3592,2
G3600050019300,74.4,1.6794,3
G3600610004000,78.6,1.388,3
G3600050039700,74.9,1.7644,3
G3600610008200,81.8,1.2556,2
G3600610006400,84,2.4255,3
G3600610016100,81.5,1.6352,2
G3600610007100,86.4,2.9966,3
G3600610004800,84.5,2.6347,3
G3600050039500,74.9,2.7265,3
G3600610023300,81.3,2.1348,3
G3600050019500,76.8,1.2891,2
G3600610024302,75.6,1.2519,2
G3600610022700,79.7,2.002,3
G3600610015601,81.6,1.7018,2
G3600610009500,,,
G3600050019900,75.6,1.8736,2
G3600610018900,79.2,1.2322,1
G3600610018700,82.6,1.9703,1
G3600050020502,79.8,3.1769,3
G3600610008100,81.8,1.3182,2
G3600610029500,81.7,1.2084,2
G3600610015801,85.2,2.2374,3
G3600050017500,73,2.3994,3
G3600610016700,87,2.0542,3
G3600050038700,72.1,3.8471,3
G3600610005700,88,2.7337,3
G3600610015002,88.6,2.4191,3
G3600610009100,79.3,2.8662,3
G3600610024700,86.6,3.2909,3
G3600050017100,,,
G3600050021501,,,
G3600610008700,81.5,2.1255,3
G3600610023100,78.3,1.6211,3
G3600610024100,81.4,1.5594,3
G3600050017702,80.9,3.6085,3
G3600050021100,75.6,1.5323,2
G3600050020100,75.6,1.3814,2
G3600050023100,76.8,2.3221,2
G3600610017100,82.1,1.5536,3
G3600610016500,85.3,1.6872,3
G3600610023700,80,1.8266,3
G3600610013200,87.7,3.7895,3
G3600050017701,70.3,1.7484,3
G3600050040900,77.6,1.9971,3
G3600050021301,75.6,3.0542,2
G3600050024501,75.6,2.191,2
G3600610023501,77.9,1.6235,2
G3600610018300,81.3,1.5272,3
G3600610014200,89.5,2.9987,3
G3600610028700,83,2.7908,3
G3600610005900,93.3,3.1022,3
G3600610013600,85.2,1.7572,3
G3600610007200,81.5,1.8403,2
G3600610018500,88.2,3.0857,3
G3600050024700,78.3,2.6411,2
G3600610017500,81.5,1.0986,3
G3600050021302,74.7,1.3223,3
G3600610017900,86.1,2.7789,3
G3600610016900,83.4,1.6093,3
G3600610029300,87.2,3.7537,1
G3600610007600,,,
G3600610014401,89.9,3.0765,3
G3600610004200,,,
G3600050020501,75.6,1.3094,2
G3600610018100,88.5,2.6721,3
G3600610015001,,,
G3600610017300,83.4,1.8094,3
G3600050022902,76.2,3.3516,3
G3600610006300,83.9,1.4308,3
G3600610023900,,,
G3600050021502,75.7,2.1104,3
G3600610024500,88,2.9759,3
G3600050018101,75.6,2.1533,2
G3600050042902,76.2,1.6887,3
G3600050005300,72.2,1.9131,1
